<?xml version="1.0" encoding="UTF-8"?>
<project-private xmlns="http://www.netbeans.org/ns/project-private/1">
    <editor-bookmarks xmlns="http://www.netbeans.org/ns/editor-bookmarks/2" lastBookmarkId="0"/>
    <open-files xmlns="http://www.netbeans.org/ns/projectui-open-files/2">
        <group>
            <file>file:/E:/JavaApplication3/src/CallClassFeat.java</file>
            <file>file:/E:/JavaApplication3/src/CallClassSegment.java</file>
            <file>file:/E:/JavaApplication3/src/SobelClass.java</file>
            <file>file:/E:/JavaApplication3/src/TestFace.java</file>
            <file>file:/E:/JavaApplication3/src/TestMatcher.java</file>
            <file>file:/E:/JavaApplication3/src/MyTest.java</file>
            <file>file:/E:/JavaApplication3/src/testframe1.java</file>
            <file>file:/E:/JavaApplication3/src/CallClassMatch.java</file>
            <file>file:/E:/JavaApplication3/src/SmartSobelFilter.java</file>
            <file>file:/E:/JavaApplication3/src/DispFrame.java</file>
            <file>file:/E:/JavaApplication3/src/CannyEdgeDetector.java</file>
            <file>file:/E:/JavaApplication3/src/FinalOutput.java</file>
        </group>
    </open-files>
</project-private>
